<?xml version="1.0" encoding="UTF-8"?>
<!DOCTYPE suite SYSTEM "http://testng.org/testng-1.0.dtd">
<suite name="All Test Suite">
    <test verbose="2" preserve-order="true" name="C:/Projeler/Java_Intellij/TestNG_Kursu/src/Gun05/Intro_2.java">
        <classes>
            <class name="Gun05.Intro_2">
                <methods>
                    <include name="Test1"/>
                    <include name="Test2"/>
                </methods>
            </class>
        </classes>
    </test>
</suite>