<?xml version="1.0" encoding="UTF-8"?>
<!DOCTYPE suite SYSTEM "http://testng.org/testng-1.0.dtd">
<suite name="All Test Suite">
    <test name="test1">
        <groups>
            <run>
               <include name="SmokeTest"></include>
            </run>
        </groups>
        <classes>
            <class name="Gun05.Groups"> 
                <methods>
                    <exclude name="Test3"></exclude>
                </methods>
            </class>
        </classes>
    </test>


</suite>