<?xml version="1.0" encoding="UTF-8"?>
<!DOCTYPE suite SYSTEM "http://testng.org/testng-1.0.dtd">
<suite name="All Test Suite" parallel="classes" thread-count="2">
    <test verbose="2" preserve-order="true"
          name="C:/Projeler/Java_Intellij/TestNG_Kursu/src/Gun06/SearchFunctionalityParameterBrowser.java">
        <parameter name="browser" value="chrome"></parameter>
        <parameter name="arananKelime" value="mac"></parameter>
        <classes>
            <class name="Gun06.SearchFunctionalityParameterBrowser">
                <methods>
                    <include name="Test1"/>
                </methods>
            </class>
        </classes>
    </test>
    <test name="test2">
        <parameter name="browser" value="firefox"></parameter>
        <parameter name="arananKelime" value="mac"></parameter>
        <classes>
            <class name="Gun06.SearchFunctionalityParameterBrowser">
                <methods>
                    <include name="Test1"/>
                </methods>
            </class>
        </classes>
    </test>
</suite>